sample,PC0,PC1,
sample1,-1.4142135623730945,0.0,group1
sample2,1.414213562373095,0.0,group2
